,111110,Soybean Farming,Unnamed: 2
0,111120,Oilseed (except Soybean) Farming ,
1,111130,Dry Pea and Bean Farming ,
2,111140,Wheat Farming,
3,111150,Corn Farming ,
4,111160,Rice Farming, 
5,111191,Oilseed and Grain Combination Farming ,
6,111199,All Other Grain Farming ,
7,111211,Potato Farming ,
8,111219,Other Vegetable (except Potato) and Melon Farming ,
9,111310,Orange Groves,
10,111320,Citrus (except Orange) Groves ,
11,111331,Apple Orchards ,
12,111332,Grape Vineyards ,
13,111333,Strawberry Farming ,
14,111334,Berry (except Strawberry) Farming ,
15,111335,Tree Nut Farming ,
16,111336,Fruit and Tree Nut Combination Farming ,
17,111339,Other Noncitrus Fruit Farming ,
18,111411,Mushroom Production ,
19,111419,Other Food Crops Grown Under Cover ,
20,111421,Nursery and Tree Production ,
21,111422,Floriculture Production ,
22,111910,Tobacco Farming,
23,111920,Cotton Farming,
24,111930,Sugarcane Farming,
25,111940,Hay Farming ,
26,111991,Sugar Beet Farming ,
27,111992,Peanut Farming ,
28,111998,All Other Miscellaneous Crop Farming ,
29,112111,Beef Cattle Ranching and Farming ,
30,112112,Cattle Feedlots ,
31,112120,Dairy Cattle and Milk Production,
32,112130,Dual-Purpose Cattle Ranching and Farming ,
33,112210,Hog and Pig Farming ,
34,112310,Chicken Egg Production ,
35,112320,Broilers and Other Meat Type Chicken Production ,
36,112330,Turkey Production,
37,112340,Poultry Hatcheries,
38,112390,Other Poultry Production ,
39,112410,Sheep Farming,
40,112420,Goat Farming,
41,112511,Finfish Farming and Fish Hatcheries ,
42,112512,Shellfish Farming ,
43,112519,Other Aquaculture ,
44,112910,Apiculture,
45,112920,Horses and Other Equine Production,
46,112930,Fur-Bearing Animal and Rabbit Production,
47,112990,All Other Animal Production ,
48,113110,Timber Tract Operations,
49,113210,Forest Nurseries and Gathering of Forest Products ,
50,113310,Logging ,
51,114111,Finfish Fishing ,
52,114112,Shellfish Fishing ,
53,114119,Other Marine Fishing ,
54,114210,Hunting and Trapping,
55,115111,Cotton Ginning ,
56,115112,"Soil Preparation, Planting, and Cultivating ",
57,115113,"Crop Harvesting, Primarily by Machine ",
58,115114,Postharvest Crop Activities (except Cotton Ginning) ,
59,115115,Farm Labor Contractors and Crew Leaders ,
60,115116,Farm Management Services ,
61,115210,Support Activities for Animal Production,
62,115310,Support Activities for Forestry,
63,211120,Crude Petroleum Extraction ,
64,211130,Natural Gas Extraction ,
65,212111,Bituminous Coal and Lignite Surface Mining ,
66,212112,Bituminous Coal Underground Mining ,
67,212113,Anthracite Mining ,
68,212210,Iron Ore Mining,
69,212221,Gold Ore Mining ,
70,212222,Silver Ore Mining ,
71,212230,"Copper, Nickel, Lead, and Zinc Mining ",
72,212291,Uranium-Radium-Vanadium Ore Mining ,
73,212299,All Other Metal Ore Mining ,
74,212311,Dimension Stone Mining and Quarrying ,
75,212312,Crushed and Broken Limestone Mining and Quarrying ,
76,212313,Crushed and Broken Granite Mining and Quarrying ,
77,212319,Other Crushed and Broken Stone Mining and Quarrying ,
78,212321,Construction Sand and Gravel Mining ,
79,212322,Industrial Sand Mining ,
80,212324,Kaolin and Ball Clay Mining ,
81,212325,Clay and Ceramic and Refractory Minerals Mining ,
82,212391,"Potash, Soda, and Borate Mineral Mining ",
83,212392,Phosphate Rock Mining ,
84,212393,Other Chemical and Fertilizer Mineral Mining ,
85,212399,All Other Nonmetallic Mineral Mining ,
86,213111,Drilling Oil and Gas Wells,
87,213112,Support Activities for Oil and Gas Operations ,
88,213113,Support Activities for Coal Mining ,
89,213114,Support Activities for Metal Mining ,
90,213115,Support Activities for Nonmetallic Minerals (except Fuels) Mining ,
91,221111,Hydroelectric Power Generation ,
92,221112,Fossil Fuel Electric Power Generation ,
93,221113,Nuclear Electric Power Generation ,
94,221114,Solar Electric Power Generation ,
95,221115,Wind Electric Power Generation ,
96,221116,Geothermal Electric Power Generation ,
97,221117,Biomass Electric Power Generation ,
98,221118,Other Electric Power Generation ,
99,221121,Electric Bulk Power Transmission and Control ,
100,221122,Electric Power Distribution ,
101,221210,Natural Gas Distribution ,
102,221310,Water Supply and Irrigation Systems ,
103,221320,Sewage Treatment Facilities ,
104,221330,Steam and Air-Conditioning Supply ,
105,236115,New Single-Family Housing Construction (except For-Sale Builders) ,
106,236116,New Multifamily Housing Construction (except For-Sale Builders) ,
107,236117,New Housing For-Sale Builders ,
108,236118,Residential Remodelers ,
109,236210,Industrial Building Construction ,
110,236220,Commercial and Institutional Building Construction ,
111,237110,Water and Sewer Line and Related Structures Construction ,
112,237120,Oil and Gas Pipeline and Related Structures Construction ,
113,237130,Power and Communication Line and Related Structures Construction ,
114,237210,Land Subdivision ,
115,237310,"Highway, Street, and Bridge Construction ",
116,237990,Other Heavy and Civil Engineering Construction ,
117,238110,Poured Concrete Foundation and Structure Contractors ,
118,238120,Structural Steel and Precast Concrete Contractors ,
119,238130,Framing Contractors ,
120,238140,Masonry Contractors ,
121,238150,Glass and Glazing Contractors ,
122,238160,Roofing Contractors ,
123,238170,Siding Contractors ,
124,238190,"Other Foundation, Structure, and Building Exterior Contractors ",
125,238210,Electrical Contractors and Other Wiring Installation Contractors,
126,238220,"Plumbing, Heating, and Air-Conditioning Contractors ",
127,238290,Other Building Equipment Contractors ,
128,238310,Drywall and Insulation Contractors ,
129,238320,Painting and Wall Covering Contractors,
130,238330,Flooring Contractors,
131,238340,Tile and Terrazzo Contractors,
132,238350,Finish Carpentry Contractors,
133,238390,Other Building Finishing Contractors,
134,238910,Site Preparation Contractors,
135,238990,All Other Specialty Trade Contractors,
136,311111,Dog and Cat Food Manufacturing ,
137,311119,Other Animal Food Manufacturing ,
138,311211,Flour Milling ,
139,311212,Rice Milling ,
140,311213,Malt Manufacturing ,
141,311221,Wet Corn Milling ,
142,311224,Soybean and Other Oilseed Processing ,
143,311225,Fats and Oils Refining and Blending ,
144,311230,Breakfast Cereal Manufacturing,
145,311313,Beet Sugar Manufacturing ,
146,311314,Cane Sugar Manufacturing ,
147,311340,Nonchocolate Confectionery Manufacturing,
148,311351,Chocolate and Confectionery Manufacturing from Cacao Beans ,
149,311352,Confectionery Manufacturing from Purchased Chocolate ,
150,311411,"Frozen Fruit, Juice, and Vegetable Manufacturing ",
151,311412,Frozen Specialty Food Manufacturing ,
152,311421,Fruit and Vegetable Canning ,
153,311422,Specialty Canning ,
154,311423,Dried and Dehydrated Food Manufacturing ,
155,311511,Fluid Milk Manufacturing ,
156,311512,Creamery Butter Manufacturing ,
157,311513,Cheese Manufacturing ,
158,311514,"Dry, Condensed, and Evaporated Dairy Product Manufacturing ",
159,311520,Ice Cream and Frozen Dessert Manufacturing,
160,311611,Animal (except Poultry) Slaughtering ,
161,311612,Meat Processed from Carcasses ,
162,311613,Rendering and Meat Byproduct Processing ,
163,311615,Poultry Processing ,
164,311710,Seafood Product Preparation and Packaging,
165,311811,Retail Bakeries ,
166,311812,Commercial Bakeries ,
167,311813,"Frozen Cakes, Pies, and Other Pastries Manufacturing ",
168,311821,Cookie and Cracker Manufacturing ,
169,311824,"Dry Pasta, Dough, and Flour Mixes Manufacturing from Purchased Flour ",
170,311830,Tortilla Manufacturing,
171,311911,Roasted Nuts and Peanut Butter Manufacturing ,
172,311919,Other Snack Food Manufacturing ,
173,311920,Coffee and Tea Manufacturing ,
174,311930,Flavoring Syrup and Concentrate Manufacturing,
175,311941,"Mayonnaise, Dressing, and Other Prepared Sauce Manufacturing ",
176,311942,Spice and Extract Manufacturing ,
177,311991,Perishable Prepared Food Manufacturing ,
178,311999,All Other Miscellaneous Food Manufacturing ,
179,312111,Soft Drink Manufacturing ,
180,312112,Bottled Water Manufacturing ,
181,312113,Ice Manufacturing ,
182,312120,Breweries,
183,312130,Wineries ,
184,312140,Distilleries ,
185,312230,Tobacco Manufacturing ,
186,313110,"Fiber, Yarn, and Thread Mills ",
187,313210,Broadwoven Fabric Mills,
188,313220,Narrow Fabric Mills and Schiffli Machine Embroidery,
189,313230,Nonwoven Fabric Mills,
190,313240,Knit Fabric Mills,
191,313310,Textile and Fabric Finishing Mills ,
192,313320,Fabric Coating Mills,
193,314110,Carpet and Rug Mills,
194,314120,Curtain and Linen Mills,
195,314910,Textile Bag and Canvas Mills ,
196,314994,"Rope, Cordage, Twine, Tire Cord, and Tire Fabric Mills ",
197,314999,All Other Miscellaneous Textile Product Mills ,
198,315110,Hosiery and Sock Mills,
199,315190,Other Apparel Knitting Mills ,
200,315210,Cut and Sew Apparel Contractors ,
201,315220,Men’s and Boys’ Cut and Sew Apparel Manufacturing ,
202,315240,"Women’s, Girls’, and Infants’ Cut and Sew Apparel Manufacturing ",
203,315280,Other Cut and Sew Apparel Manufacturing ,
204,315990,Apparel Accessories and Other Apparel Manufacturing ,
205,316110,Leather and Hide Tanning and Finishing,
206,316210,Footwear Manufacturing ,
207,316992,Women's Handbag and Purse Manufacturing ,
208,316998,All Other Leather Good and Allied Product Manufacturing ,
209,321113,Sawmills ,
210,321114,Wood Preservation ,
211,321211,Hardwood Veneer and Plywood Manufacturing ,
212,321212,Softwood Veneer and Plywood Manufacturing ,
213,321213,Engineered Wood Member (except Truss) Manufacturing ,
214,321214,Truss Manufacturing ,
215,321219,Reconstituted Wood Product Manufacturing ,
216,321911,Wood Window and Door Manufacturing ,
217,321912,"Cut Stock, Resawing Lumber, and Planing ",
218,321918,Other Millwork (including Flooring) ,
219,321920,Wood Container and Pallet Manufacturing,
220,321991,Manufactured Home (Mobile Home) Manufacturing ,
221,321992,Prefabricated Wood Building Manufacturing ,
222,321999,All Other Miscellaneous Wood Product Manufacturing ,
223,322110,Pulp Mills ,
224,322121,Paper (except Newsprint) Mills ,
225,322122,Newsprint Mills ,
226,322130,Paperboard Mills ,
227,322211,Corrugated and Solid Fiber Box Manufacturing ,
228,322212,Folding Paperboard Box Manufacturing ,
229,322219,Other Paperboard Container Manufacturing ,
230,322220,Paper Bag and Coated and Treated Paper Manufacturing,
231,322230,Stationery Product Manufacturing,
232,322291,Sanitary Paper Product Manufacturing ,
233,322299,All Other Converted Paper Product Manufacturing ,
234,323111,Commercial Printing (except Screen and Books) ,
235,323113,Commercial Screen Printing ,
236,323117,Books Printing ,
237,323120,Support Activities for Printing,
238,324110,Petroleum Refineries,
239,324121,Asphalt Paving Mixture and Block Manufacturing ,
240,324122,Asphalt Shingle and Coating Materials Manufacturing ,
241,324191,Petroleum Lubricating Oil and Grease Manufacturing ,
242,324199,All Other Petroleum and Coal Products Manufacturing ,
243,325110,Petrochemical Manufacturing,
244,325120,Industrial Gas Manufacturing,
245,325130,Synthetic Dye and Pigment Manufacturing,
246,325180,Other Basic Inorganic Chemical Manufacturing ,
247,325193,Ethyl Alcohol Manufacturing ,
248,325194,"Cyclic Crude, Intermediate, and Gum and Wood Chemical Manufacturing ",
249,325199,All Other Basic Organic Chemical Manufacturing ,
250,325211,Plastics Material and Resin Manufacturing ,
251,325212,Synthetic Rubber Manufacturing ,
252,325220,Artificial and Synthetic Fibers and Filaments Manufacturing,
253,325311,Nitrogenous Fertilizer Manufacturing ,
254,325312,Phosphatic Fertilizer Manufacturing ,
255,325314,Fertilizer (Mixing Only) Manufacturing ,
256,325320,Pesticide and Other Agricultural Chemical Manufacturing,
257,325411,Medicinal and Botanical Manufacturing ,
258,325412,Pharmaceutical Preparation Manufacturing ,
259,325413,In-Vitro Diagnostic Substance Manufacturing ,
260,325414,Biological Product (except Diagnostic) Manufacturing ,
261,325510,Paint and Coating Manufacturing,
262,325520,Adhesive Manufacturing,
263,325611,Soap and Other Detergent Manufacturing ,
264,325612,Polish and Other Sanitation Good Manufacturing ,
265,325613,Surface Active Agent Manufacturing ,
266,325620,Toilet Preparation Manufacturing,
267,325910,Printing Ink Manufacturing,
268,325920,Explosives Manufacturing,
269,325991,Custom Compounding of Purchased Resins ,
270,325992,"Photographic Film, Paper, Plate, and Chemical Manufacturing ",
271,325998,All Other Miscellaneous Chemical Product and Preparation Manufacturing ,
272,326111,Plastics Bag and Pouch Manufacturing ,
273,326112,Plastics Packaging Film and Sheet (including Laminated) Manufacturing ,
274,326113,Unlaminated Plastics Film and Sheet (except Packaging) Manufacturing ,
275,326121,Unlaminated Plastics Profile Shape Manufacturing ,
276,326122,Plastics Pipe and Pipe Fitting Manufacturing ,
277,326130,"Laminated Plastics Plate, Sheet (except Packaging), and Shape Manufacturing",
278,326140,Polystyrene Foam Product Manufacturing,
279,326150,Urethane and Other Foam Product (except Polystyrene) Manufacturing,
280,326160,Plastics Bottle Manufacturing,
281,326191,Plastics Plumbing Fixture Manufacturing ,
282,326199,All Other Plastics Product Manufacturing ,
283,326211,Tire Manufacturing (except Retreading) ,
284,326212,Tire Retreading ,
285,326220,Rubber and Plastics Hoses and Belting Manufacturing,
286,326291,Rubber Product Manufacturing for Mechanical Use ,
287,326299,All Other Rubber Product Manufacturing ,
288,327110,"Pottery, Ceramics, and Plumbing Fixture Manufacturing ",
289,327120,Clay Building Material and Refractories Manufacturing ,
290,327211,Flat Glass Manufacturing ,
291,327212,Other Pressed and Blown Glass and Glassware Manufacturing ,
292,327213,Glass Container Manufacturing ,
293,327215,Glass Product Manufacturing Made of Purchased Glass ,
294,327310,Cement Manufacturing,
295,327320,Ready-Mix Concrete Manufacturing,
296,327331,Concrete Block and Brick Manufacturing ,
297,327332,Concrete Pipe Manufacturing ,
298,327390,Other Concrete Product Manufacturing ,
299,327410,Lime Manufacturing,
300,327420,Gypsum Product Manufacturing,
301,327910,Abrasive Product Manufacturing,
302,327991,Cut Stone and Stone Product Manufacturing ,
303,327992,Ground or Treated Mineral and Earth Manufacturing ,
304,327993,Mineral Wool Manufacturing ,
305,327999,All Other Miscellaneous Nonmetallic Mineral Product Manufacturing ,
306,331110,Iron and Steel Mills and Ferroalloy Manufacturing ,
307,331210,Iron and Steel Pipe and Tube Manufacturing from Purchased Steel,
308,331221,Rolled Steel Shape Manufacturing ,
309,331222,Steel Wire Drawing ,
310,331313,Alumina Refining and Primary Aluminum Production ,
311,331314,Secondary Smelting and Alloying of Aluminum ,
312,331315,"Aluminum Sheet, Plate, and Foil Manufacturing ",
313,331318,"Other Aluminum Rolling, Drawing, and Extruding ",
314,331410,Nonferrous Metal (except Aluminum) Smelting and Refining ,
315,331420,"Copper Rolling, Drawing, Extruding, and Alloying",
316,331491,"Nonferrous Metal (except Copper and Aluminum) Rolling, Drawing, and Extruding ",
317,331492,"Secondary Smelting, Refining, and Alloying of Nonferrous Metal (except Copper and Aluminum) ",
318,331511,Iron Foundries ,
319,331512,Steel Investment Foundries ,
320,331513,Steel Foundries (except Investment) ,
321,331523,Nonferrous Metal Die-Casting Foundries ,
322,331524,Aluminum Foundries (except Die-Casting) ,
323,331529,Other Nonferrous Metal Foundries (except Die-Casting) ,
324,332111,Iron and Steel Forging ,
325,332112,Nonferrous Forging ,
326,332114,Custom Roll Forming ,
327,332117,Powder Metallurgy Part Manufacturing ,
328,332119,"Metal Crown, Closure, and Other Metal Stamping (except Automotive) ",
329,332215,"Metal Kitchen Cookware, Utensil, Cutlery, and Flatware (except Precious) Manufacturing ",
330,332216,Saw Blade and Handtool Manufacturing ,
331,332311,Prefabricated Metal Building and Component Manufacturing ,
332,332312,Fabricated Structural Metal Manufacturing ,
333,332313,Plate Work Manufacturing ,
334,332321,Metal Window and Door Manufacturing ,
335,332322,Sheet Metal Work Manufacturing ,
336,332323,Ornamental and Architectural Metal Work Manufacturing ,
337,332410,Power Boiler and Heat Exchanger Manufacturing,
338,332420,Metal Tank (Heavy Gauge) Manufacturing,
339,332431,Metal Can Manufacturing ,
340,332439,Other Metal Container Manufacturing ,
341,332510,Hardware Manufacturing,
342,332613,Spring Manufacturing ,
343,332618,Other Fabricated Wire Product Manufacturing ,
344,332710,Machine Shops,
345,332721,Precision Turned Product Manufacturing ,
346,332722,"Bolt, Nut, Screw, Rivet, and Washer Manufacturing ",
347,332811,Metal Heat Treating ,
348,332812,"Metal Coating, Engraving (except Jewelry and Silverware), and Allied Services to Manufacturers ",
349,332813,"Electroplating, Plating, Polishing, Anodizing, and Coloring ",
350,332911,Industrial Valve Manufacturing ,
351,332912,Fluid Power Valve and Hose Fitting Manufacturing ,
352,332913,Plumbing Fixture Fitting and Trim Manufacturing ,
353,332919,Other Metal Valve and Pipe Fitting Manufacturing ,
354,332991,Ball and Roller Bearing Manufacturing,
355,332992,Small Arms Ammunition Manufacturing ,
356,332993,Ammunition (except Small Arms) Manufacturing ,
357,332994,"Small Arms, Ordnance, and Ordnance Accessories Manufacturing ",
358,332996,Fabricated Pipe and Pipe Fitting Manufacturing ,
359,332999,All Other Miscellaneous Fabricated Metal Product Manufacturing ,
360,333111,Farm Machinery and Equipment Manufacturing ,
361,333112,Lawn and Garden Tractor and Home Lawn and Garden Equipment Manufacturing ,
362,333120,Construction Machinery Manufacturing,
363,333131,Mining Machinery and Equipment Manufacturing ,
364,333132,Oil and Gas Field Machinery and Equipment Manufacturing ,
365,333241,Food Product Machinery Manufacturing ,
366,333242,Semiconductor Machinery Manufacturing ,
367,333243,"Sawmill, Woodworking, and Paper Machinery Manufacturing ",
368,333244,Printing Machinery and Equipment Manufacturing ,
369,333249,Other Industrial Machinery Manufacturing ,
370,333314,Optical Instrument and Lens Manufacturing ,
371,333316,Photographic and Photocopying Equipment Manufacturing ,
372,333318,Other Commercial and Service Industry Machinery Manufacturing ,
373,333413,Industrial and Commercial Fan and Blower and Air Purification Equipment Manufacturing ,
374,333414,Heating Equipment (except Warm Air Furnaces) Manufacturing ,
375,333415,Air-Conditioning and Warm Air Heating Equipment and Commercial and Industrial Refrigeration Equipment Manufacturing ,
376,333511,Industrial Mold Manufacturing ,
377,333514,"Special Die and Tool, Die Set, Jig, and Fixture Manufacturing ",
378,333515,Cutting Tool and Machine Tool Accessory Manufacturing ,
379,333517,Machine Tool Manufacturing ,
380,333519,Rolling Mill and Other Metalworking Machinery Manufacturing ,
381,333611,Turbine and Turbine Generator Set Units Manufacturing ,
382,333612,"Speed Changer, Industrial High-Speed Drive, and Gear Manufacturing ",
383,333613,Mechanical Power Transmission Equipment Manufacturing ,
384,333618,Other Engine Equipment Manufacturing ,
385,333912,Air and Gas Compressor Manufacturing ,
386,333914,"Measuring, Dispensing, and Other Pumping Equipment Manufacturing ",
387,333921,Elevator and Moving Stairway Manufacturing ,
388,333922,Conveyor and Conveying Equipment Manufacturing ,
389,333923,"Overhead Traveling Crane, Hoist, and Monorail System Manufacturing ",
390,333924,"Industrial Truck, Tractor, Trailer, and Stacker Machinery Manufacturing ",
391,333991,Power-Driven Handtool Manufacturing ,
392,333992,Welding and Soldering Equipment Manufacturing ,
393,333993,Packaging Machinery Manufacturing ,
394,333994,Industrial Process Furnace and Oven Manufacturing ,
395,333995,Fluid Power Cylinder and Actuator Manufacturing ,
396,333996,Fluid Power Pump and Motor Manufacturing ,
397,333997,Scale and Balance Manufacturing ,
398,333999,All Other Miscellaneous General Purpose Machinery Manufacturing ,
399,334111,Electronic Computer Manufacturing ,
400,334112,Computer Storage Device Manufacturing ,
401,334118,Computer Terminal and Other Computer Peripheral Equipment Manufacturing ,
402,334210,Telephone Apparatus Manufacturing,
403,334220,Radio and Television Broadcasting and Wireless Communications Equipment Manufacturing,
404,334290,Other Communications Equipment Manufacturing,
405,334310,Audio and Video Equipment Manufacturing,
406,334412,Bare Printed Circuit Board Manufacturing  ,
407,334413,Semiconductor and Related Device Manufacturing ,
408,334416,"Capacitor, Resistor, Coil, Transformer, and Other Inductor Manufacturing ",
409,334417,Electronic Connector Manufacturing ,
410,334418,Printed Circuit Assembly (Electronic Assembly) Manufacturing ,
411,334419,Other Electronic Component Manufacturing ,
412,334510,Electromedical and Electrotherapeutic Apparatus Manufacturing ,
413,334511,"Search, Detection, Navigation, Guidance, Aeronautical, and Nautical System and Instrument Manufacturing ",
414,334512,"Automatic Environmental Control Manufacturing for Residential, Commercial, and Appliance Use ",
415,334513,"Instruments and Related Products Manufacturing for Measuring, Displaying, and Controlling Industrial Process Variables ",
416,334514,Totalizing Fluid Meter and Counting Device Manufacturing ,
417,334515,Instrument Manufacturing for Measuring and Testing Electricity and Electrical Signals ,
418,334516,Analytical Laboratory Instrument Manufacturing ,
419,334517,Irradiation Apparatus Manufacturing ,
420,334519,Other Measuring and Controlling Device Manufacturing ,
421,334613,Blank Magnetic and Optical Recording Media Manufacturing ,
422,334614,"Software and Other Prerecorded Compact Disc, Tape, and Record Reproducing ",
423,335110,Electric Lamp Bulb and Part Manufacturing,
424,335121,Residential Electric Lighting Fixture Manufacturing ,
425,335122,"Commercial, Industrial, and Institutional Electric Lighting Fixture Manufacturing ",
426,335129,Other Lighting Equipment Manufacturing ,
427,335210,Small Electrical Appliance Manufacturing,
428,335220,Major Household Appliance Manufacturing ,
429,335311,"Power, Distribution, and Specialty Transformer Manufacturing ",
430,335312,Motor and Generator Manufacturing ,
431,335313,Switchgear and Switchboard Apparatus Manufacturing ,
432,335314,Relay and Industrial Control Manufacturing ,
433,335911,Storage Battery Manufacturing ,
434,335912,Primary Battery Manufacturing ,
435,335921,Fiber Optic Cable Manufacturing ,
436,335929,Other Communication and Energy Wire Manufacturing ,
437,335931,Current-Carrying Wiring Device Manufacturing ,
438,335932,Noncurrent-Carrying Wiring Device Manufacturing ,
439,335991,Carbon and Graphite Product Manufacturing ,
440,335999,All Other Miscellaneous Electrical Equipment and Component Manufacturing ,
441,336111,Automobile Manufacturing ,
442,336112,Light Truck and Utility Vehicle Manufacturing ,
443,336120,Heavy Duty Truck Manufacturing,
444,336211,Motor Vehicle Body Manufacturing ,
445,336212,Truck Trailer Manufacturing ,
446,336213,Motor Home Manufacturing ,
447,336214,Travel Trailer and Camper Manufacturing ,
448,336310,Motor Vehicle Gasoline Engine and Engine Parts Manufacturing,
449,336320,Motor Vehicle Electrical and Electronic Equipment Manufacturing,
450,336330,Motor Vehicle Steering and Suspension Components (except Spring) Manufacturing,
451,336340,Motor Vehicle Brake System Manufacturing,
452,336350,Motor Vehicle Transmission and Power Train Parts Manufacturing,
453,336360,Motor Vehicle Seating and Interior Trim Manufacturing,
454,336370,Motor Vehicle Metal Stamping,
455,336390,Other Motor Vehicle Parts Manufacturing,
456,336411,Aircraft Manufacturing ,
457,336412,Aircraft Engine and Engine Parts Manufacturing ,
458,336413,Other Aircraft Parts and Auxiliary Equipment Manufacturing ,
459,336414,Guided Missile and Space Vehicle Manufacturing ,
460,336415,Guided Missile and Space Vehicle Propulsion Unit and Propulsion Unit Parts Manufacturing ,
461,336419,Other Guided Missile and Space Vehicle Parts and Auxiliary Equipment Manufacturing ,
462,336510,Railroad Rolling Stock Manufacturing,
463,336611,Ship Building and Repairing ,
464,336612,Boat Building ,
465,336991,"Motorcycle, Bicycle, and Parts Manufacturing ",
466,336992,"Military Armored Vehicle, Tank, and Tank Component Manufacturing ",
467,336999,All Other Transportation Equipment Manufacturing ,
468,337110,Wood Kitchen Cabinet and Countertop Manufacturing,
469,337121,Upholstered Household Furniture Manufacturing ,
470,337122,Nonupholstered Wood Household Furniture Manufacturing ,
471,337124,Metal Household Furniture Manufacturing ,
472,337125,Household Furniture (except Wood and Metal) Manufacturing ,
473,337127,Institutional Furniture Manufacturing ,
474,337211,Wood Office Furniture Manufacturing ,
475,337212,Custom Architectural Woodwork and Millwork Manufacturing ,
476,337214,Office Furniture (except Wood) Manufacturing ,
477,337215,"Showcase, Partition, Shelving, and Locker Manufacturing ",
478,337910,Mattress Manufacturing,
479,337920,Blind and Shade Manufacturing,
480,339112,Surgical and Medical Instrument Manufacturing ,
481,339113,Surgical Appliance and Supplies Manufacturing ,
482,339114,Dental Equipment and Supplies Manufacturing ,
483,339115,Ophthalmic Goods Manufacturing ,
484,339116,Dental Laboratories ,
485,339910,Jewelry and Silverware Manufacturing ,
486,339920,Sporting and Athletic Goods Manufacturing,
487,339930,"Doll, Toy, and Game Manufacturing",
488,339940,Office Supplies (except Paper) Manufacturing,
489,339950,Sign Manufacturing,
490,339991,"Gasket, Packing, and Sealing Device Manufacturing ",
491,339992,Musical Instrument Manufacturing ,
492,339993,"Fastener, Button, Needle, and Pin Manufacturing ",
493,339994,"Broom, Brush, and Mop Manufacturing ",
494,339995,Burial Casket Manufacturing ,
495,339999,All Other Miscellaneous Manufacturing ,
496,423110,Automobile and Other Motor Vehicle Merchant Wholesalers ,
497,423120,Motor Vehicle Supplies and New Parts Merchant Wholesalers ,
498,423130,Tire and Tube Merchant Wholesalers ,
499,423140,Motor Vehicle Parts (Used) Merchant Wholesalers ,
500,423210,Furniture Merchant Wholesalers ,
501,423220,Home Furnishing Merchant Wholesalers ,
502,423310,"Lumber, Plywood, Millwork, and Wood Panel Merchant Wholesalers ",
503,423320,"Brick, Stone, and Related Construction Material Merchant Wholesalers ",
504,423330,"Roofing, Siding, and Insulation Material Merchant Wholesalers ",
505,423390,Other Construction Material Merchant Wholesalers ,
506,423410,Photographic Equipment and Supplies Merchant Wholesalers ,
507,423420,Office Equipment Merchant Wholesalers ,
508,423430,Computer and Computer Peripheral Equipment and Software Merchant Wholesalers ,
509,423440,Other Commercial Equipment Merchant Wholesalers ,
510,423450,"Medical, Dental, and Hospital Equipment and Supplies Merchant Wholesalers ",
511,423460,Ophthalmic Goods Merchant Wholesalers ,
512,423490,Other Professional Equipment and Supplies Merchant Wholesalers ,
513,423510,Metal Service Centers and Other Metal Merchant Wholesalers ,
514,423520,Coal and Other Mineral and Ore Merchant Wholesalers ,
515,423610,"Electrical Apparatus and Equipment, Wiring Supplies, and Related Equipment Merchant Wholesalers ",
516,423620,"Household Appliances, Electric Housewares, and Consumer Electronics Merchant Wholesalers ",
517,423690,Other Electronic Parts and Equipment Merchant Wholesalers ,
518,423710,Hardware Merchant Wholesalers ,
519,423720,Plumbing and Heating Equipment and Supplies (Hydronics) Merchant Wholesalers ,
520,423730,Warm Air Heating and Air-Conditioning Equipment and Supplies Merchant Wholesalers ,
521,423740,Refrigeration Equipment and Supplies Merchant Wholesalers ,
522,423810,Construction and Mining (except Oil Well) Machinery and Equipment Merchant Wholesalers ,
523,423820,Farm and Garden Machinery and Equipment Merchant Wholesalers ,
524,423830,Industrial Machinery and Equipment Merchant Wholesalers ,
525,423840,Industrial Supplies Merchant Wholesalers,
526,423850,Service Establishment Equipment and Supplies Merchant Wholesalers ,
527,423860,Transportation Equipment and Supplies (except Motor Vehicle) Merchant Wholesalers ,
528,423910,Sporting and Recreational Goods and Supplies Merchant Wholesalers ,
529,423920,Toy and Hobby Goods and Supplies Merchant Wholesalers ,
530,423930,Recyclable Material Merchant Wholesalers ,
531,423940,"Jewelry, Watch, Precious Stone, and Precious Metal Merchant Wholesalers ",
532,423990,Other Miscellaneous Durable Goods Merchant Wholesalers ,
533,424110,Printing and Writing Paper Merchant Wholesalers ,
534,424120,Stationery and Office Supplies Merchant Wholesalers ,
535,424130,Industrial and Personal Service Paper Merchant Wholesalers ,
536,424210,Drugs and Druggists' Sundries Merchant Wholesalers ,
537,424310,"Piece Goods, Notions, and Other Dry Goods Merchant Wholesalers ",
538,424320,Men's and Boys' Clothing and Furnishings Merchant Wholesalers ,
539,424330,"Women's, Children's, and Infants' Clothing and Accessories Merchant Wholesalers ",
540,424340,Footwear Merchant Wholesalers ,
541,424410,General Line Grocery Merchant Wholesalers ,
542,424420,Packaged Frozen Food Merchant Wholesalers ,
543,424430,Dairy Product (except Dried or Canned) Merchant Wholesalers ,
544,424440,Poultry and Poultry Product Merchant Wholesalers ,
545,424450,Confectionery Merchant Wholesalers ,
546,424460,Fish and Seafood Merchant Wholesalers ,
547,424470,Meat and Meat Product Merchant Wholesalers ,
548,424480,Fresh Fruit and Vegetable Merchant Wholesalers ,
549,424490,Other Grocery and Related Products Merchant Wholesalers ,
550,424510,Grain and Field Bean Merchant Wholesalers ,
551,424520,Livestock Merchant Wholesalers ,
552,424590,Other Farm Product Raw Material Merchant Wholesalers ,
553,424610,Plastics Materials and Basic Forms and Shapes Merchant Wholesalers ,
554,424690,Other Chemical and Allied Products Merchant Wholesalers ,
555,424710,Petroleum Bulk Stations and Terminals ,
556,424720,Petroleum and Petroleum Products Merchant Wholesalers (except Bulk Stations and Terminals) ,
557,424810,Beer and Ale Merchant Wholesalers ,
558,424820,Wine and Distilled Alcoholic Beverage Merchant Wholesalers ,
559,424910,Farm Supplies Merchant Wholesalers ,
560,424920,"Book, Periodical, and Newspaper Merchant Wholesalers ",
561,424930,"Flower, Nursery Stock, and Florists' Supplies Merchant Wholesalers ",
562,424940,Tobacco and Tobacco Product Merchant Wholesalers ,
563,424950,"Paint, Varnish, and Supplies Merchant Wholesalers ",
564,424990,Other Miscellaneous Nondurable Goods Merchant Wholesalers ,
565,425110,Business to Business Electronic Markets ,
566,425120,Wholesale Trade Agents and Brokers ,
567,441110,New Car Dealers ,
568,441120,Used Car Dealers ,
569,441210,Recreational Vehicle Dealers ,
570,441222,Boat Dealers ,
571,441228,"Motorcycle, ATV, and All Other Motor Vehicle Dealers ",
572,441310,Automotive Parts and Accessories Stores ,
573,441320,Tire Dealers ,
574,442110,Furniture Stores ,
575,442210,Floor Covering Stores ,
576,442291,Window Treatment Stores ,
577,442299,All Other Home Furnishings Stores ,
578,443141,Household Appliance Stores ,
579,443142,Electronics Stores ,
580,444110,Home Centers ,
581,444120,Paint and Wallpaper Stores ,
582,444130,Hardware Stores ,
583,444190,Other Building Material Dealers ,
584,444210,Outdoor Power Equipment Stores ,
585,444220,"Nursery, Garden Center, and Farm Supply Stores ",
586,445110,Supermarkets and Other Grocery (except Convenience) Stores ,
587,445120,Convenience Stores ,
588,445210,Meat Markets ,
589,445220,Fish and Seafood Markets ,
590,445230,Fruit and Vegetable Markets ,
591,445291,Baked Goods Stores ,
592,445292,Confectionery and Nut Stores ,
593,445299,All Other Specialty Food Stores ,
594,445310,"Beer, Wine, and Liquor Stores ",
595,446110,Pharmacies and Drug Stores ,
596,446120,"Cosmetics, Beauty Supplies, and Perfume Stores ",
597,446130,Optical Goods Stores ,
598,446191,Food (Health) Supplement Stores ,
599,446199,All Other Health and Personal Care Stores ,
600,447110,Gasoline Stations with Convenience Stores ,
601,447190,Other Gasoline Stations ,
602,448110,Men's Clothing Stores ,
603,448120,Women's Clothing Stores ,
604,448130,Children's and Infants' Clothing Stores ,
605,448140,Family Clothing Stores ,
606,448150,Clothing Accessories Stores ,
607,448190,Other Clothing Stores ,
608,448210,Shoe Stores ,
609,448310,Jewelry Stores ,
610,448320,Luggage and Leather Goods Stores ,
611,451110,Sporting Goods Stores ,
612,451120,"Hobby, Toy, and Game Stores ",
613,451130,"Sewing, Needlework, and Piece Goods Stores ",
614,451140,Musical Instrument and Supplies Stores ,
615,451211,Book Stores ,
616,451212,News Dealers and Newsstands ,
617,452210,Department Stores ,
618,452311,Warehouse Clubs and Supercenters ,
619,452319,All Other General Merchandise Stores ,
620,453110,Florists ,
621,453210,Office Supplies and Stationery Stores ,
622,453220,"Gift, Novelty, and Souvenir Stores ",
623,453310,Used Merchandise Stores ,
624,453910,Pet and Pet Supplies Stores ,
625,453920,Art Dealers ,
626,453930,Manufactured (Mobile) Home Dealers ,
627,453991,Tobacco Stores ,
628,453998,All Other Miscellaneous Store Retailers (except Tobacco Stores) ,
629,454110,Electronic Shopping and Mail-Order Houses ,
630,454210,Vending Machine Operators ,
631,454310,Fuel Dealers ,
632,454390,Other Direct Selling Establishments ,
633,481111,Scheduled Passenger Air Transportation ,
634,481112,Scheduled Freight Air Transportation ,
635,481211,Nonscheduled Chartered Passenger Air Transportation ,
636,481212,Nonscheduled Chartered Freight Air Transportation ,
637,481219,Other Nonscheduled Air Transportation ,
638,482111,Line-Haul Railroads ,
639,482112,Short Line Railroads ,
640,483111,Deep Sea Freight Transportation ,
641,483112,Deep Sea Passenger Transportation ,
642,483113,Coastal and Great Lakes Freight Transportation ,
643,483114,Coastal and Great Lakes Passenger Transportation ,
644,483211,Inland Water Freight Transportation ,
645,483212,Inland Water Passenger Transportation ,
646,484110,"General Freight Trucking, Local ",
647,484121,"General Freight Trucking, Long-Distance, Truckload ",
648,484122,"General Freight Trucking, Long-Distance, Less Than Truckload ",
649,484210,Used Household and Office Goods Moving,
650,484220,"Specialized Freight (except Used Goods) Trucking, Local ",
651,484230,"Specialized Freight (except Used Goods) Trucking, Long-Distance ",
652,485111,Mixed Mode Transit Systems ,
653,485112,Commuter Rail Systems ,
654,485113,Bus and Other Motor Vehicle Transit Systems ,
655,485119,Other Urban Transit Systems ,
656,485210,Interurban and Rural Bus Transportation,
657,485310,Taxi Service ,
658,485320,Limousine Service,
659,485410,School and Employee Bus Transportation,
660,485510,Charter Bus Industry,
661,485991,Special Needs Transportation ,
662,485999,All Other Transit and Ground Passenger Transportation ,
663,486110,Pipeline Transportation of Crude Oil,
664,486210,Pipeline Transportation of Natural Gas,
665,486910,Pipeline Transportation of Refined Petroleum Products,
666,486990,All Other Pipeline Transportation,
667,487110,"Scenic and Sightseeing Transportation, Land",
668,487210,"Scenic and Sightseeing Transportation, Water",
669,487990,"Scenic and Sightseeing Transportation, Other",
670,488111,Air Traffic Control,
671,488119,Other Airport Operations ,
672,488190,Other Support Activities for Air Transportation,
673,488210,Support Activities for Rail Transportation,
674,488310,Port and Harbor Operations,
675,488320,Marine Cargo Handling,
676,488330,Navigational Services to Shipping ,
677,488390,Other Support Activities for Water Transportation,
678,488410,Motor Vehicle Towing,
679,488490,Other Support Activities for Road Transportation ,
680,488510,Freight Transportation Arrangement ,
681,488991,Packing and Crating ,
682,488999,All Other Support Activities for Transportation ,
683,491110,Postal Service,
684,492110,Couriers and Express Delivery Services,
685,492210,Local Messengers and Local Delivery,
686,493110,General Warehousing and Storage ,
687,493120,Refrigerated Warehousing and Storage,
688,493130,Farm Product Warehousing and Storage,
689,493190,Other Warehousing and Storage,
690,511110,Newspaper Publishers ,
691,511120,Periodical Publishers ,
692,511130,Book Publishers ,
693,511140,Directory and Mailing List Publishers ,
694,511191,Greeting Card Publishers ,
695,511199,All Other Publishers ,
696,511210,Software Publishers,
697,512110,Motion Picture and Video Production ,
698,512120,Motion Picture and Video Distribution,
699,512131,Motion Picture Theaters (except Drive-Ins) ,
700,512132,Drive-In Motion Picture Theaters ,
701,512191,Teleproduction and Other Postproduction Services ,
702,512199,Other Motion Picture and Video Industries ,
703,512230,Music Publishers,
704,512240,Sound Recording Studios,
705,512250,Record Production and Distribution,
706,512290,Other Sound Recording Industries,
707,515111,Radio Networks ,
708,515112,Radio Stations ,
709,515120,Television Broadcasting,
710,515210,Cable and Other Subscription Programming,
711,517311,Wired Telecommunications Carriers ,
712,517312,Wireless Telecommunications Carriers (except Satellite),
713,517410,Satellite Telecommunications,
714,517911,Telecommunications Resellers ,
715,517919,All Other Telecommunications ,
716,518210,"Data Processing, Hosting, and Related Services",
717,519110,News Syndicates,
718,519120,Libraries and Archives ,
719,519130,Internet Publishing and Broadcasting and Web Search Portals,
720,519190,All Other Information Services,
721,521110,Monetary Authorities-Central Bank,
722,522110,Commercial Banking ,
723,522120,Savings Institutions ,
724,522130,Credit Unions ,
725,522190,Other Depository Credit Intermediation ,
726,522210,Credit Card Issuing ,
727,522220,Sales Financing ,
728,522291,Consumer Lending ,
729,522292,Real Estate Credit ,
730,522293,International Trade Financing ,
731,522294,Secondary Market Financing ,
732,522298,All Other Nondepository Credit Intermediation ,
733,522310,Mortgage and Nonmortgage Loan Brokers ,
734,522320,"Financial Transactions Processing, Reserve, and Clearinghouse Activities ",
735,522390,Other Activities Related to Credit Intermediation ,
736,523110,Investment Banking and Securities Dealing ,
737,523120,Securities Brokerage ,
738,523130,Commodity Contracts Dealing ,
739,523140,Commodity Contracts Brokerage ,
740,523210,Securities and Commodity Exchanges,
741,523910,Miscellaneous Intermediation ,
742,523920,Portfolio Management ,
743,523930,Investment Advice ,
744,523991,"Trust, Fiduciary, and Custody Activities ",
745,523999,Miscellaneous Financial Investment Activities ,
746,524113,Direct Life Insurance Carriers ,
747,524114,Direct Health and Medical Insurance Carriers ,
748,524126,Direct Property and Casualty Insurance Carriers ,
749,524127,Direct Title Insurance Carriers ,
750,524128,"Other Direct Insurance (except Life, Health, and Medical) Carriers ",
751,524130,Reinsurance Carriers ,
752,524210,Insurance Agencies and Brokerages ,
753,524291,Claims Adjusting ,
754,524292,Third Party Administration of Insurance and Pension Funds ,
755,524298,All Other Insurance Related Activities ,
756,525110,Pension Funds ,
757,525120,Health and Welfare Funds ,
758,525190,Other Insurance Funds ,
759,525910,Open-End Investment Funds ,
760,525920,"Trusts, Estates, and Agency Accounts ",
761,525990,Other Financial Vehicles ,
762,531110,Lessors of Residential Buildings and Dwellings ,
763,531120,Lessors of Nonresidential Buildings (except Miniwarehouses) ,
764,531130,Lessors of Miniwarehouses and Self-Storage Units ,
765,531190,Lessors of Other Real Estate Property ,
766,531210,Offices of Real Estate Agents and Brokers,
767,531311,Residential Property Managers ,
768,531312,Nonresidential Property Managers ,
769,531320,Offices of Real Estate Appraisers ,
770,531390,Other Activities Related to Real Estate ,
771,532111,Passenger Car Rental ,
772,532112,Passenger Car Leasing ,
773,532120,"Truck, Utility Trailer, and RV (Recreational Vehicle) Rental and Leasing ",
774,532210,Consumer Electronics and Appliances Rental,
775,532281,Formal Wear and Costume Rental,
776,532282,Video Tape and Disc Rental,
777,532283,Home Health Equipment Rental ,
778,532284,Recreational Goods Rental ,
779,532289,All Other Consumer Goods Rental ,
780,532310,General Rental Centers,
781,532411,"Commercial Air, Rail, and Water Transportation Equipment Rental and Leasing ",
782,532412,"Construction, Mining, and Forestry Machinery and Equipment Rental and Leasing ",
783,532420,Office Machinery and Equipment Rental and Leasing,
784,532490,Other Commercial and Industrial Machinery and Equipment Rental and Leasing ,
785,533110,Lessors of Nonfinancial Intangible Assets (except Copyrighted Works),
786,541110,Offices of Lawyers,
787,541120,Offices of Notaries,
788,541191,Title Abstract and Settlement Offices ,
789,541199,All Other Legal Services ,
790,541211,Offices of Certified Public Accountants ,
791,541213,Tax Preparation Services ,
792,541214,Payroll Services ,
793,541219,Other Accounting Services ,
794,541310,Architectural Services,
795,541320,Landscape Architectural Services,
796,541330,Engineering Services,
797,541340,Drafting Services,
798,541350,Building Inspection Services,
799,541360,Geophysical Surveying and Mapping Services,
800,541370,Surveying and Mapping (except Geophysical) Services,
801,541380,Testing Laboratories,
802,541410,Interior Design Services,
803,541420,Industrial Design Services,
804,541430,Graphic Design Services,
805,541490,Other Specialized Design Services,
806,541511,Custom Computer Programming Services ,
807,541512,Computer Systems Design Services ,
808,541513,Computer Facilities Management Services ,
809,541519,Other Computer Related Services,
810,541611,Administrative Management and General Management Consulting Services ,
811,541612,Human Resources Consulting Services ,
812,541613,Marketing Consulting Services ,
813,541614,"Process, Physical Distribution, and Logistics Consulting Services ",
814,541618,Other Management Consulting Services ,
815,541620,Environmental Consulting Services,
816,541690,Other Scientific and Technical Consulting Services,
817,541713,Research and Development in Nanotechnology ,
818,541714,Research and Development in Biotechnology (except Nanobiotechnology),
819,541715,"Research and Development in the Physical, Engineering, and Life Sciences (except Nanotechnology and Biotechnology) ",
820,541720,Research and Development in the Social Sciences and Humanities ,
821,541810,Advertising Agencies,
822,541820,Public Relations Agencies,
823,541830,Media Buying Agencies,
824,541840,Media Representatives,
825,541850,Outdoor Advertising,
826,541860,Direct Mail Advertising,
827,541870,Advertising Material Distribution Services,
828,541890,Other Services Related to Advertising ,
829,541910,Marketing Research and Public Opinion Polling,
830,541921,"Photography Studios, Portrait ",
831,541922,Commercial Photography ,
832,541930,Translation and Interpretation Services,
833,541940,Veterinary Services ,
834,541990,"All Other Professional, Scientific, and Technical Services",
835,551111,Offices of Bank Holding Companies ,
836,551112,Offices of Other Holding Companies ,
837,551114,"Corporate, Subsidiary, and Regional Managing Offices ",
838,561110,Office Administrative Services,
839,561210,Facilities Support Services,
840,561311,Employment Placement Agencies ,
841,561312,Executive Search Services ,
842,561320,Temporary Help Services,
843,561330,Professional Employer Organizations,
844,561410,Document Preparation Services,
845,561421,Telephone Answering Services ,
846,561422,Telemarketing Bureaus and Other Contact Centers ,
847,561431,Private Mail Centers ,
848,561439,Other Business Service Centers (including Copy Shops) ,
849,561440,Collection Agencies,
850,561450,Credit Bureaus,
851,561491,Repossession Services ,
852,561492,Court Reporting and Stenotype Services ,
853,561499,All Other Business Support Services ,
854,561510,Travel Agencies,
855,561520,Tour Operators,
856,561591,Convention and Visitors Bureaus ,
857,561599,All Other Travel Arrangement and Reservation Services ,
858,561611,Investigation Services ,
859,561612,Security Guards and Patrol Services ,
860,561613,Armored Car Services ,
861,561621,Security Systems Services (except Locksmiths) ,
862,561622,Locksmiths ,
863,561710,Exterminating and Pest Control Services,
864,561720,Janitorial Services ,
865,561730,Landscaping Services,
866,561740,Carpet and Upholstery Cleaning Services,
867,561790,Other Services to Buildings and Dwellings ,
868,561910,Packaging and Labeling Services,
869,561920,Convention and Trade Show Organizers,
870,561990,All Other Support Services,
871,562111,Solid Waste Collection ,
872,562112,Hazardous Waste Collection ,
873,562119,Other Waste Collection ,
874,562211,Hazardous Waste Treatment and Disposal ,
875,562212,Solid Waste Landfill ,
876,562213,Solid Waste Combustors and Incinerators ,
877,562219,Other Nonhazardous Waste Treatment and Disposal ,
878,562910,Remediation Services ,
879,562920,Materials Recovery Facilities ,
880,562991,Septic Tank and Related Services ,
881,562998,All Other Miscellaneous Waste Management Services ,
882,611110,Elementary and Secondary Schools ,
883,611210,Junior Colleges ,
884,611310,"Colleges, Universities, and Professional Schools ",
885,611410,Business and Secretarial Schools ,
886,611420,Computer Training ,
887,611430,Professional and Management Development Training ,
888,611511,Cosmetology and Barber Schools ,
889,611512,Flight Training ,
890,611513,Apprenticeship Training ,
891,611519,Other Technical and Trade Schools ,
892,611610,Fine Arts Schools ,
893,611620,Sports and Recreation Instruction ,
894,611630,Language Schools ,
895,611691,Exam Preparation and Tutoring ,
896,611692,Automobile Driving Schools ,
897,611699,All Other Miscellaneous Schools and Instruction ,
898,611710,Educational Support Services,
899,621111,Offices of Physicians (except Mental Health Specialists) ,
900,621112,"Offices of Physicians, Mental Health Specialists ",
901,621210,Offices of Dentists ,
902,621310,Offices of Chiropractors ,
903,621320,Offices of Optometrists,
904,621330,Offices of Mental Health Practitioners (except Physicians) ,
905,621340,"Offices of Physical, Occupational and Speech Therapists, and Audiologists ",
906,621391,Offices of Podiatrists ,
907,621399,Offices of All Other Miscellaneous Health Practitioners ,
908,621410,Family Planning Centers ,
909,621420,Outpatient Mental Health and Substance Abuse Centers ,
910,621491,HMO Medical Centers ,
911,621492,Kidney Dialysis Centers ,
912,621493,Freestanding Ambulatory Surgical and Emergency Centers ,
913,621498,All Other Outpatient Care Centers ,
914,621511,Medical Laboratories ,
915,621512,Diagnostic Imaging Centers ,
916,621610,Home Health Care Services,
917,621910,Ambulance Services ,
918,621991,Blood and Organ Banks ,
919,621999,All Other Miscellaneous Ambulatory Health Care Services ,
920,622110,General Medical and Surgical Hospitals ,
921,622210,Psychiatric and Substance Abuse Hospitals ,
922,622310,Specialty (except Psychiatric and Substance Abuse) Hospitals ,
923,623110,Nursing Care Facilities (Skilled Nursing Facilities) ,
924,623210,Residential Intellectual and Developmental Disability Facilities ,
925,623220,Residential Mental Health and Substance Abuse Facilities ,
926,623311,Continuing Care Retirement Communities ,
927,623312,Assisted Living Facilities for the Elderly ,
928,623990,Other Residential Care Facilities ,
929,624110,Child and Youth Services ,
930,624120,Services for the Elderly and Persons with Disabilities ,
931,624190,Other Individual and Family Services ,
932,624210,Community Food Services ,
933,624221,Temporary Shelters ,
934,624229,Other Community Housing Services ,
935,624230,Emergency and Other Relief Services ,
936,624310,Vocational Rehabilitation Services ,
937,624410,Child Day Care Services ,
938,711110,Theater Companies and Dinner Theaters ,
939,711120,Dance Companies ,
940,711130,Musical Groups and Artists ,
941,711190,Other Performing Arts Companies ,
942,711211,Sports Teams and Clubs ,
943,711212,Racetracks ,
944,711219,Other Spectator Sports ,
945,711310,"Promoters of Performing Arts, Sports, and Similar Events with Facilities ",
946,711320,"Promoters of Performing Arts, Sports, and Similar Events without Facilities ",
947,711410,"Agents and Managers for Artists, Athletes, Entertainers, and Other Public Figures",
948,711510,"Independent Artists, Writers, and Performers ",
949,712110,Museums ,
950,712120,Historical Sites,
951,712130,Zoos and Botanical Gardens ,
952,712190,Nature Parks and Other Similar Institutions,
953,713110,Amusement and Theme Parks ,
954,713120,Amusement Arcades,
955,713210,Casinos (except Casino Hotels),
956,713290,Other Gambling Industries ,
957,713910,Golf Courses and Country Clubs,
958,713920,Skiing Facilities,
959,713930,Marinas,
960,713940,Fitness and Recreational Sports Centers ,
961,713950,Bowling Centers,
962,713990,All Other Amusement and Recreation Industries ,
963,721110,Hotels (except Casino Hotels) and Motels ,
964,721120,Casino Hotels,
965,721191,Bed-and-Breakfast Inns ,
966,721199,All Other Traveler Accommodation ,
967,721211,RV (Recreational Vehicle) Parks and Campgrounds ,
968,721214,Recreational and Vacation Camps (except Campgrounds) ,
969,721310,"Rooming and Boarding Houses, Dormitories, and Workers' Camps ",
970,722310,Food Service Contractors,
971,722320,Caterers,
972,722330,Mobile Food Services,
973,722410,Drinking Places (Alcoholic Beverages) ,
974,722511,Full-Service Restaurants ,
975,722513,Limited-Service Restaurants ,
976,722514,"Cafeterias, Grill Buffets, and Buffets ",
977,722515,Snack and Nonalcoholic Beverage Bars ,
978,811111,General Automotive Repair ,
979,811112,Automotive Exhaust System Repair ,
980,811113,Automotive Transmission Repair ,
981,811118,Other Automotive Mechanical and Electrical Repair and Maintenance ,
982,811121,"Automotive Body, Paint, and Interior Repair and Maintenance ",
983,811122,Automotive Glass Replacement Shops ,
984,811191,Automotive Oil Change and Lubrication Shops ,
985,811192,Car Washes ,
986,811198,All Other Automotive Repair and Maintenance ,
987,811211,Consumer Electronics Repair and Maintenance ,
988,811212,Computer and Office Machine Repair and Maintenance ,
989,811213,Communication Equipment Repair and Maintenance ,
990,811219,Other Electronic and Precision Equipment Repair and Maintenance ,
991,811310,Commercial and Industrial Machinery and Equipment (except Automotive and Electronic) Repair and Maintenance ,
992,811411,Home and Garden Equipment Repair and Maintenance ,
993,811412,Appliance Repair and Maintenance ,
994,811420,Reupholstery and Furniture Repair,
995,811430,Footwear and Leather Goods Repair,
996,811490,Other Personal and Household Goods Repair and Maintenance ,
997,812111,Barber Shops ,
998,812112,Beauty Salons ,
999,812113,Nail Salons ,
1000,812191,Diet and Weight Reducing Centers ,
1001,812199,Other Personal Care Services ,
1002,812210,Funeral Homes and Funeral Services ,
1003,812220,Cemeteries and Crematories ,
1004,812310,Coin-Operated Laundries and Drycleaners ,
1005,812320,Drycleaning and Laundry Services (except Coin-Operated) ,
1006,812331,Linen Supply ,
1007,812332,Industrial Launderers ,
1008,812910,Pet Care (except Veterinary) Services ,
1009,812921,Photofinishing Laboratories (except One-Hour) ,
1010,812922,One-Hour Photofinishing ,
1011,812930,Parking Lots and Garages ,
1012,812990,All Other Personal Services ,
1013,813110,Religious Organizations ,
1014,813211,Grantmaking Foundations ,
1015,813212,Voluntary Health Organizations ,
1016,813219,Other Grantmaking and Giving Services ,
1017,813311,Human Rights Organizations ,
1018,813312,"Environment, Conservation and Wildlife Organizations ",
1019,813319,Other Social Advocacy Organizations ,
1020,813410,Civic and Social Organizations ,
1021,813910,Business Associations ,
1022,813920,Professional Organizations ,
1023,813930,Labor Unions and Similar Labor Organizations ,
1024,813940,Political Organizations ,
1025,813990,"Other Similar Organizations (except Business, Professional, Labor, and Political Organizations) ",
1026,814110,Private Households,
1027,921110,Executive Offices ,
1028,921120,Legislative Bodies ,
1029,921130,Public Finance Activities ,
1030,921140,"Executive and Legislative Offices, Combined ",
1031,921150,American Indian and Alaska Native Tribal Governments ,
1032,921190,Other General Government Support ,
1033,922110,Courts ,
1034,922120,Police Protection ,
1035,922130,Legal Counsel and Prosecution ,
1036,922140,Correctional Institutions ,
1037,922150,Parole Offices and Probation Offices ,
1038,922160,Fire Protection ,
1039,922190,"Other Justice, Public Order, and Safety Activities ",
1040,923110,Administration of Education Programs ,
1041,923120,Administration of Public Health Programs ,
1042,923130,"Administration of Human Resource Programs (except Education, Public Health, and Veterans' Affairs Programs) ",
1043,923140,Administration of Veterans' Affairs ,
1044,924110,Administration of Air and Water Resource and Solid Waste Management Programs ,
1045,924120,Administration of Conservation Programs ,
1046,925110,Administration of Housing Programs ,
1047,925120,Administration of Urban Planning and Community and Rural Development ,
1048,926110,Administration of General Economic Programs ,
1049,926120,Regulation and Administration of Transportation Programs ,
1050,926130,"Regulation and Administration of Communications, Electric, Gas, and Other Utilities ",
1051,926140,Regulation of Agricultural Marketing and Commodities ,
1052,926150,"Regulation, Licensing, and Inspection of Miscellaneous Commercial Sectors ",
1053,927110,Space Research and Technology ,
1054,928110,National Security ,
1055,928120,International Affairs ,
